datum,LJ_Bežigrad,Koper,NG,Trbovlje,Zagorje,Celje,Maribor,M.Sobota
25/05/2020 09:00,18,17,8,12,19,27,12,18
25/05/2020 08:00,12,8,9,12,17,12,17,10
25/05/2020 07:00,19,2,9,11,14,17,10,12
25/05/2020 06:00,11,2,7,9,11,11,11,8
25/05/2020 05:00,10,2,6,8,8,13,11,10
25/05/2020 04:00,9,2,6,8,8,4,9,8
25/05/2020 03:00,11,7,7,9,7,6,8,7
25/05/2020 02:00,11,11,7,10,8,11,7,7
25/05/2020 01:00,12,5,6,10,8,13,11,9
25/05/2020 00:00,12,7,6,9,7,13,10,11
24/05/2020 23:00,18,11,7,11,11,18,8,11
24/05/2020 22:00,15,20,6,15,13,24,17,9
24/05/2020 21:00,17,41,5,15,24,15,10,11
24/05/2020 20:00,10,4,3,16,20,15,5,9
24/05/2020 19:00,2,5,3,5,8,12,7,9
24/05/2020 18:00,13,2,3,4,4,2,4,9
24/05/2020 17:00,2,4,3,7,3,19,6,6
24/05/2020 16:00,2,2,3,6,6,2,9,8
24/05/2020 15:00,2,9,4,7,5,5,10,4
24/05/2020 14:00,2,4,3,5,7,12,9,9
24/05/2020 13:00,4,2,3,4,3,5,11,11
24/05/2020 12:00,19,9,4,5,4,2,9,8
24/05/2020 11:00,2,2,3,2,2,9,5,7
24/05/2020 10:00,2,2,3,4,2,2,4,4
24/05/2020 09:00,2,2,2,2,2,2,2,3
24/05/2020 08:00,6,2,4,8,16,9,2,2
24/05/2020 07:00,9,2,5,6,12,2,7,6
24/05/2020 06:00,5,2,7,4,5,2,2,7
24/05/2020 05:00,4,2,6,4,2,2,2,5
24/05/2020 04:00,2,2,7,5,6,10,5,2
24/05/2020 03:00,2,28,5,5,7,6,3,7
24/05/2020 02:00,2,65,13,4,6,8,4,5
24/05/2020 01:00,2,12,17,10,12,2,3,5
24/05/2020 00:00,46,16,20,20,22,30,9,6
23/05/2020 23:00,18,27,20,24,28,21,24,8
23/05/2020 22:00,20,26,18,21,22,25,30,10
23/05/2020 21:00,25,17,19,20,22,27,25,22
23/05/2020 20:00,20,17,16,22,23,26,21,21
23/05/2020 19:00,19,11,15,19,26,20,16,16
23/05/2020 18:00,25,8,15,15,18,19,19,17
23/05/2020 17:00,28,11,14,15,22,21,17,20
23/05/2020 16:00,16,12,14,14,16,19,17,12
23/05/2020 15:00,16,16,13,16,20,12,13,15
23/05/2020 14:00,23,13,15,16,22,10,12,21
23/05/2020 13:00,24,22,15,12,12,2,13,22
23/05/2020 12:00,18,21,16,16,15,35,9,22
23/05/2020 11:00,20,30,15,14,24,14,24,18
23/05/2020 10:00,29,39,16,16,24,16,21,22
23/05/2020 09:00,16,4,16,15,20,30,22,16
23/05/2020 08:00,19,27,14,19,15,26,23,20
23/05/2020 07:00,29,23,14,20,20,33,19,16
23/05/2020 06:00,25,17,12,16,17,32,20,16
23/05/2020 05:00,22,16,12,16,16,29,15,16
23/05/2020 04:00,26,12,12,12,13,28,12,19
23/05/2020 03:00,25,23,12,14,17,8,15,13
23/05/2020 02:00,17,18,11,13,18,17,17,21
23/05/2020 01:00,17,20,12,14,16,22,17,22
23/05/2020 00:00,14,20,12,17,18,33,19,19
22/05/2020 23:00,15,31,12,19,22,48,26,21
22/05/2020 22:00,18,21,14,22,30,32,23,25
22/05/2020 21:00,20,14,12,22,34,28,25,26
22/05/2020 20:00,24,2,12,18,27,19,25,28
22/05/2020 19:00,18,20,14,14,18,19,23,21
22/05/2020 18:00,22,37,16,15,20,26,23,21
22/05/2020 17:00,24,13,16,15,20,19,22,19
22/05/2020 16:00,18,18,15,15,23,22,26,20
22/05/2020 15:00,27,19,15,14,19,27,27,16
22/05/2020 14:00,25,15,15,16,19,20,22,22
22/05/2020 13:00,22,11,12,17,23,28,25,16
22/05/2020 12:00,16,12,14,13,18,22,23,15
22/05/2020 11:00,16,17,21,12,12,16,22,20
22/05/2020 10:00,16,15,13,15,11,19,24,13
22/05/2020 09:00,20,16,16,18,16,17,16,18
22/05/2020 08:00,21,18,13,21,21,30,11,23
22/05/2020 07:00,19,19,14,20,15,26,18,14
22/05/2020 06:00,18,12,10,15,13,15,11,20
22/05/2020 05:00,15,11,11,12,12,15,16,19
22/05/2020 04:00,15,18,10,12,10,18,14,15
22/05/2020 03:00,16,15,10,12,12,13,21,12
22/05/2020 02:00,22,9,10,13,12,16,16,13
22/05/2020 01:00,21,14,11,14,12,16,13,14
22/05/2020 00:00,13,12,12,14,14,25,11,16
21/05/2020 23:00,11,3,12,19,17,25,18,18
21/05/2020 22:00,13,30,15,19,19,33,23,23
21/05/2020 21:00,16,32,14,22,26,29,22,17
21/05/2020 20:00,14,17,10,14,16,16,18,18
21/05/2020 19:00,16,9,10,11,12,15,16,15
21/05/2020 18:00,14,14,9,12,13,11,18,15
21/05/2020 17:00,14,25,9,12,13,13,17,14
21/05/2020 16:00,13,16,9,13,16,12,22,15
21/05/2020 15:00,18,17,10,13,17,19,23,16
21/05/2020 14:00,13,24,8,13,16,17,18,17
21/05/2020 13:00,15,22,8,13,17,20,18,23
21/05/2020 12:00,13,21,9,13,16,20,18,15
21/05/2020 11:00,15,23,8,13,13,13,21,16
21/05/2020 10:00,15,29,10,13,12,19,19,19
21/05/2020 09:00,12,17,9,12,12,9,10,13
21/05/2020 08:00,6,17,10,22,11,18,21,10
21/05/2020 07:00,14,13,9,18,23,15,18,18
21/05/2020 06:00,13,12,8,9,18,17,16,19
21/05/2020 05:00,13,10,8,9,10,12,14,18
21/05/2020 04:00,11,8,6,10,10,11,13,12
21/05/2020 03:00,6,9,6,10,13,15,7,11
21/05/2020 02:00,11,7,7,10,21,15,16,9
21/05/2020 01:00,14,7,7,11,48,17,12,9
21/05/2020 00:00,7,7,6,13,42,20,11,13
20/05/2020 23:00,5,8,6,14,9,23,16,11
20/05/2020 22:00,8,11,5,13,8,13,10,13
20/05/2020 21:00,6,18,6,8,6,11,11,15
20/05/2020 20:00,11,10,7,13,8,4,10,12
20/05/2020 19:00,12,14,9,12,12,7,15,13
20/05/2020 18:00,11,20,12,12,15,11,15,14
20/05/2020 17:00,15,22,14,13,16,17,15,14
20/05/2020 16:00,18,20,14,12,10,15,18,14
20/05/2020 15:00,15,16,15,11,9,19,21,16
20/05/2020 14:00,11,13,15,12,14,8,20,13
20/05/2020 13:00,17,22,16,12,9,16,17,14
20/05/2020 12:00,20,14,15,15,16,14,17,17
20/05/2020 11:00,16,21,15,13,18,18,18,14
20/05/2020 10:00,5,25,14,17,11,3,18,14
20/05/2020 09:00,21,22,15,17,11,24,24,13
20/05/2020 08:00,20,16,15,16,26,27,17,15
20/05/2020 07:00,21,10,14,13,16,27,13,16
20/05/2020 06:00,16,15,10,12,11,17,16,17
20/05/2020 05:00,14,16,10,10,9,9,14,13
20/05/2020 04:00,11,10,9,11,14,10,13,15
20/05/2020 03:00,13,12,9,11,15,10,12,13
20/05/2020 02:00,16,14,6,9,13,12,12,13
20/05/2020 01:00,15,13,7,11,15,14,12,11
20/05/2020 00:00,16,14,9,12,18,13,11,13
19/05/2020 23:00,18,13,13,18,16,12,13,14
19/05/2020 22:00,13,16,16,17,21,10,17,17
19/05/2020 21:00,15,19,17,15,32,12,16,14
19/05/2020 20:00,13,12,12,12,14,13,12,18
19/05/2020 19:00,14,24,12,11,11,7,14,18
19/05/2020 18:00,16,21,13,11,9,3,12,16
19/05/2020 17:00,10,16,13,10,8,4,10,15
19/05/2020 16:00,11,24,16,14,18,22,14,12
19/05/2020 15:00,7,25,15,16,16,14,16,20
19/05/2020 14:00,13,27,17,15,14,17,18,17
19/05/2020 13:00,19,32,18,19,17,13,27,20
19/05/2020 12:00,32,31,17,19,25,29,29,24
19/05/2020 11:00,16,25,19,15,26,26,25,22
19/05/2020 10:00,24,20,22,18,22,25,26,24
19/05/2020 09:00,17,26,21,17,22,31,28,22
19/05/2020 08:00,25,23,20,21,26,23,28,23
19/05/2020 07:00,25,16,19,19,21,20,20,27
19/05/2020 06:00,20,13,21,13,16,14,15,25
19/05/2020 05:00,14,18,21,14,16,15,14,20
19/05/2020 04:00,17,15,22,13,15,12,15,18
19/05/2020 03:00,17,16,22,13,17,13,14,19
19/05/2020 02:00,19,6,21,15,17,12,14,18
19/05/2020 01:00,26,3,20,18,20,11,16,20
19/05/2020 00:00,32,47,19,22,27,46,15,21
18/05/2020 23:00,32,32,18,22,25,33,20,21
18/05/2020 22:00,27,29,18,24,37,29,26,19
18/05/2020 21:00,22,30,20,24,39,31,22,19
18/05/2020 20:00,17,32,22,17,25,24,24,23
18/05/2020 19:00,16,31,22,12,16,17,22,19
18/05/2020 18:00,13,39,23,13,14,22,18,15
18/05/2020 17:00,16,38,26,10,9,28,24,15
18/05/2020 16:00,24,35,30,11,5,16,22,16
18/05/2020 15:00,26,39,29,15,15,2,20,15
18/05/2020 14:00,23,36,33,17,18,2,28,14
18/05/2020 13:00,20,34,31,15,18,13,16,14
18/05/2020 12:00,18,36,22,15,12,2,18,19
18/05/2020 11:00,21,30,20,13,10,35,18,16
18/05/2020 10:00,11,28,17,19,20,19,26,18
18/05/2020 09:00,8,24,17,15,21,16,20,22
18/05/2020 08:00,36,25,18,14,14,43,20,20
18/05/2020 07:00,21,19,18,13,20,30,18,20
18/05/2020 06:00,11,18,15,14,16,19,16,24
18/05/2020 05:00,17,19,15,14,17,7,14,17
18/05/2020 04:00,18,15,16,16,14,8,13,15
18/05/2020 03:00,13,18,14,15,12,5,15,16
18/05/2020 02:00,16,17,14,15,12,18,14,15
18/05/2020 01:00,21,10,14,17,13,10,16,13
18/05/2020 00:00,23,13,17,17,17,19,19,16
17/05/2020 23:00,19,17,17,23,22,23,19,16
17/05/2020 22:00,18,16,18,26,24,24,18,18
17/05/2020 21:00,16,22,18,19,28,30,25,18
17/05/2020 20:00,17,15,18,15,17,15,17,18
17/05/2020 19:00,16,23,17,16,17,15,16,19
17/05/2020 18:00,15,31,19,17,16,16,19,14
17/05/2020 17:00,15,24,21,15,14,14,19,14
17/05/2020 16:00,15,8,21,13,14,16,16,16
17/05/2020 15:00,16,24,21,15,15,2,13,15
17/05/2020 14:00,19,22,17,15,15,20,11,14
17/05/2020 13:00,23,25,15,12,16,21,11,12
17/05/2020 12:00,20,28,15,15,12,31,12,14
17/05/2020 11:00,22,21,16,16,18,22,16,16
17/05/2020 10:00,23,18,13,17,18,15,16,18
17/05/2020 09:00,13,16,14,17,19,10,15,16
17/05/2020 08:00,18,17,18,19,21,24,16,20
17/05/2020 07:00,19,16,15,17,20,24,15,20
17/05/2020 06:00,20,9,15,15,16,18,18,20
17/05/2020 05:00,19,8,17,16,16,22,19,17
17/05/2020 04:00,19,10,18,18,17,18,16,20
17/05/2020 03:00,19,10,19,19,19,21,20,23
17/05/2020 02:00,24,12,18,20,19,28,21,22
17/05/2020 01:00,24,22,20,23,24,22,21,22
17/05/2020 00:00,29,32,20,24,22,36,21,23
16/05/2020 23:00,27,18,19,24,22,20,24,28
16/05/2020 22:00,26,17,19,23,24,26,21,24
16/05/2020 21:00,21,18,19,24,25,31,21,21
16/05/2020 20:00,20,15,18,22,25,27,19,20
16/05/2020 19:00,20,21,17,20,27,28,19,20
16/05/2020 18:00,18,20,17,17,17,21,18,17
16/05/2020 17:00,17,20,16,16,18,22,22,16
16/05/2020 16:00,19,22,16,15,16,21,19,17
16/05/2020 15:00,16,20,16,15,16,15,18,14
16/05/2020 14:00,11,20,16,13,8,15,21,14
16/05/2020 13:00,10,21,15,14,11,9,16,11
16/05/2020 12:00,17,21,17,14,13,11,13,13
16/05/2020 11:00,11,20,15,11,13,16,15,10
16/05/2020 10:00,13,19,13,12,13,12,14,8
16/05/2020 09:00,15,17,11,12,12,11,12,10
16/05/2020 08:00,13,10,9,11,12,11,13,7
16/05/2020 07:00,13,6,8,10,13,6,10,9
16/05/2020 06:00,12,2,5,9,9,12,10,6
16/05/2020 05:00,10,2,4,9,8,2,9,9
16/05/2020 04:00,8,2,5,8,8,10,7,9
16/05/2020 03:00,4,6,5,8,8,15,6,10
16/05/2020 02:00,2,17,11,7,6,7,4,12
16/05/2020 01:00,3,6,11,7,5,6,7,13
16/05/2020 00:00,2,19,13,6,6,6,8,13
15/05/2020 23:00,4,18,13,9,4,6,11,12
15/05/2020 22:00,24,9,15,19,13,4,11,13
15/05/2020 21:00,19,27,14,16,13,4,10,12
15/05/2020 20:00,18,6,14,16,16,3,14,7
15/05/2020 19:00,14,3,13,12,15,8,21,7
15/05/2020 18:00,17,19,12,15,19,37,22,8
15/05/2020 17:00,18,37,10,18,26,34,29,16
15/05/2020 16:00,21,33,10,17,21,40,29,23
15/05/2020 15:00,22,14,27,15,19,28,30,25
15/05/2020 14:00,15,26,31,18,15,15,27,24
15/05/2020 13:00,15,60,22,20,25,53,19,31
15/05/2020 12:00,17,58,17,15,22,21,16,28
15/05/2020 11:00,24,60,18,15,14,16,17,14
15/05/2020 10:00,15,51,22,14,21,22,19,13
15/05/2020 09:00,14,54,20,13,16,20,15,12
15/05/2020 08:00,16,40,21,13,13,19,14,10
15/05/2020 07:00,24,36,23,12,12,21,9,14
15/05/2020 06:00,13,20,21,11,11,18,9,12
15/05/2020 05:00,12,23,18,11,8,11,10,13
15/05/2020 04:00,11,20,20,12,11,6,9,11
15/05/2020 03:00,12,14,19,11,9,4,8,13
15/05/2020 02:00,11,13,18,10,8,12,14,11
15/05/2020 01:00,9,27,22,12,10,13,10,11
15/05/2020 00:00,9,26,20,10,8,11,12,12
14/05/2020 23:00,11,33,25,11,10,14,12,12
14/05/2020 22:00,12,20,28,16,11,30,13,11
14/05/2020 21:00,12,30,28,12,10,12,13,8
14/05/2020 20:00,13,28,28,14,11,10,13,10
14/05/2020 19:00,11,33,28,14,11,13,17,16
14/05/2020 18:00,29,37,26,16,15,12,17,12
14/05/2020 17:00,48,42,26,19,19,13,17,10
14/05/2020 16:00,43,38,24,21,28,18,20,10
14/05/2020 15:00,37,38,22,26,35,25,19,12
14/05/2020 14:00,27,27,20,22,29,31,18,14
14/05/2020 13:00,26,23,22,22,31,42,18,10
14/05/2020 12:00,20,31,23,20,23,24,24,2
14/05/2020 11:00,20,41,24,23,29,13,36,-
14/05/2020 10:00,31,39,23,22,30,26,32,11
14/05/2020 09:00,30,32,20,28,35,33,28,12
14/05/2020 08:00,27,35,16,24,34,27,25,11
14/05/2020 07:00,26,29,19,17,31,26,23,28
14/05/2020 06:00,19,25,15,13,22,18,17,22
14/05/2020 05:00,15,25,15,14,17,17,11,15
14/05/2020 04:00,14,28,15,13,13,14,11,10
14/05/2020 03:00,19,21,14,15,15,25,12,11
14/05/2020 02:00,19,16,14,14,14,2,11,11
14/05/2020 01:00,24,16,16,15,17,18,13,8
14/05/2020 00:00,17,19,20,17,22,3,16,13
13/05/2020 23:00,23,20,22,18,24,16,17,16
13/05/2020 22:00,42,8,19,21,22,26,20,19
13/05/2020 21:00,15,29,56,20,32,24,17,20
13/05/2020 20:00,4,15,16,20,29,21,20,21
13/05/2020 19:00,20,29,16,16,18,20,19,25
13/05/2020 18:00,25,12,14,15,12,19,19,22
13/05/2020 17:00,25,5,13,17,14,13,17,20
13/05/2020 16:00,24,16,14,18,17,23,18,19
13/05/2020 15:00,22,11,14,24,20,23,16,22
13/05/2020 14:00,20,22,11,-,20,35,24,22
13/05/2020 13:00,22,14,10,-,20,35,22,19
13/05/2020 12:00,22,16,9,18,17,23,19,21
13/05/2020 11:00,12,21,13,10,13,22,19,18
13/05/2020 10:00,10,17,15,-,8,15,14,20
13/05/2020 09:00,5,20,14,-,8,11,15,13
13/05/2020 08:00,8,16,6,-,11,8,16,12
13/05/2020 07:00,5,12,4,-,10,2,12,11
13/05/2020 06:00,4,11,3,-,6,7,8,10
13/05/2020 05:00,4,8,3,-,6,10,6,9
13/05/2020 04:00,4,7,2,-,5,9,9,3
13/05/2020 03:00,4,8,3,-,8,12,9,9
13/05/2020 02:00,6,8,3,-,8,12,8,10
13/05/2020 01:00,8,10,4,-,9,8,11,14
13/05/2020 00:00,7,9,5,-,8,11,11,13
12/05/2020 23:00,8,6,10,-,9,16,13,10
12/05/2020 22:00,8,6,6,-,13,18,12,12
12/05/2020 21:00,9,5,5,-,11,16,13,14
12/05/2020 20:00,8,4,4,-,9,13,10,11
12/05/2020 19:00,4,5,5,4,10,11,11,12
12/05/2020 18:00,4,5,5,9,8,10,9,11
12/05/2020 17:00,4,4,6,6,5,9,8,13
12/05/2020 16:00,3,6,4,4,4,4,11,13
12/05/2020 15:00,4,2,5,6,6,5,9,8
12/05/2020 14:00,4,9,10,7,6,7,14,10
12/05/2020 13:00,3,13,8,8,7,10,12,5
12/05/2020 12:00,2,16,7,-,5,13,8,12
12/05/2020 11:00,3,14,8,4,5,3,6,2
12/05/2020 10:00,2,9,8,6,2,8,6,4
12/05/2020 09:00,12,13,7,2,2,3,5,4
12/05/2020 08:00,4,11,6,2,2,2,3,2
12/05/2020 07:00,9,3,6,12,13,2,3,2
12/05/2020 06:00,8,7,8,10,11,8,2,2
12/05/2020 05:00,9,14,7,11,12,14,10,2
12/05/2020 04:00,8,12,7,8,10,7,11,2
12/05/2020 03:00,6,8,9,2,7,3,8,4
12/05/2020 02:00,11,13,9,7,3,2,8,8
12/05/2020 01:00,8,16,10,10,9,16,11,11
12/05/2020 00:00,5,2,12,20,18,15,10,14
11/05/2020 23:00,14,13,14,14,16,8,7,17
11/05/2020 22:00,21,12,16,14,12,24,6,22
11/05/2020 21:00,16,22,17,28,19,33,17,20
11/05/2020 20:00,9,25,18,6,19,13,15,18
11/05/2020 19:00,25,24,15,2,8,13,34,13
11/05/2020 18:00,16,23,18,16,14,14,14,20
11/05/2020 17:00,16,19,19,9,13,23,24,23
11/05/2020 16:00,13,21,17,13,15,24,21,26
11/05/2020 15:00,9,21,11,4,10,11,13,23
11/05/2020 14:00,13,20,10,8,10,2,10,25
11/05/2020 13:00,14,17,11,18,17,8,18,29
11/05/2020 12:00,8,15,9,16,18,23,33,23
11/05/2020 11:00,16,12,12,8,17,20,22,20
11/05/2020 10:00,22,13,17,28,26,33,28,19
11/05/2020 09:00,18,14,17,19,16,19,35,19
11/05/2020 08:00,14,17,16,11,18,17,25,18
11/05/2020 07:00,15,17,18,15,16,20,20,22
11/05/2020 06:00,16,9,15,13,15,9,14,21
11/05/2020 05:00,12,13,16,12,14,18,15,17
11/05/2020 04:00,10,15,15,14,16,19,15,18
11/05/2020 03:00,13,14,16,16,17,19,15,19
11/05/2020 02:00,17,14,16,16,17,19,6,21
11/05/2020 01:00,21,16,18,16,18,20,13,17
11/05/2020 00:00,22,19,24,15,18,17,13,14
10/05/2020 23:00,22,19,24,20,18,26,15,13
10/05/2020 22:00,21,22,24,17,21,15,18,13
10/05/2020 21:00,16,14,22,14,15,11,19,11
10/05/2020 20:00,17,18,21,21,17,27,18,13
10/05/2020 19:00,17,29,19,12,17,12,23,17
10/05/2020 18:00,21,35,14,8,13,6,16,24
10/05/2020 17:00,17,40,10,3,10,18,19,23
10/05/2020 16:00,16,15,10,15,19,14,14,26
10/05/2020 15:00,17,19,11,15,20,16,15,31
10/05/2020 14:00,16,16,11,16,20,25,14,25
10/05/2020 13:00,15,14,10,15,25,23,21,28
10/05/2020 12:00,15,13,11,16,20,20,19,20
10/05/2020 11:00,17,29,9,11,16,15,22,7
10/05/2020 10:00,10,13,9,14,13,11,26,25
10/05/2020 09:00,20,15,12,9,13,16,16,18
10/05/2020 08:00,12,12,12,6,6,6,14,2
10/05/2020 07:00,5,6,12,7,13,12,12,17
10/05/2020 06:00,5,7,13,4,4,13,11,30
10/05/2020 05:00,4,6,12,4,9,6,15,18
10/05/2020 04:00,8,5,12,11,11,9,14,15
10/05/2020 03:00,11,6,13,8,12,9,12,17
10/05/2020 02:00,11,12,14,4,11,18,17,14
10/05/2020 01:00,12,7,14,8,10,14,21,16
10/05/2020 00:00,9,11,13,12,15,9,24,23
09/05/2020 23:00,10,24,17,12,17,19,27,21
09/05/2020 22:00,24,25,18,19,19,26,27,30
09/05/2020 21:00,17,20,16,28,23,29,25,28
09/05/2020 20:00,16,18,13,27,26,23,30,33
09/05/2020 19:00,25,19,14,26,22,13,19,33
09/05/2020 18:00,23,21,14,3,12,15,14,34
09/05/2020 17:00,20,20,14,8,13,21,16,31
09/05/2020 16:00,16,32,11,19,24,19,20,8
09/05/2020 15:00,25,19,10,16,22,25,23,20
09/05/2020 14:00,27,12,10,18,21,10,18,19
09/05/2020 13:00,22,13,8,22,22,9,18,20
09/05/2020 12:00,16,11,7,18,20,23,21,11
09/05/2020 11:00,20,11,10,19,19,26,24,18
09/05/2020 10:00,17,7,8,9,12,32,24,20
09/05/2020 09:00,24,21,10,8,14,25,19,25
09/05/2020 08:00,22,8,12,6,16,15,16,23
09/05/2020 07:00,20,11,13,14,13,24,14,22
09/05/2020 06:00,18,5,8,12,12,13,12,16
09/05/2020 05:00,20,7,8,7,9,9,12,16
09/05/2020 04:00,22,3,9,10,11,3,13,16
09/05/2020 03:00,14,11,11,10,11,14,12,15
09/05/2020 02:00,12,11,14,11,11,17,12,21
09/05/2020 01:00,16,20,13,8,13,19,13,17
09/05/2020 00:00,12,19,15,16,15,33,19,18
08/05/2020 23:00,10,17,16,15,22,35,33,20
08/05/2020 22:00,8,14,12,5,5,21,29,20
08/05/2020 21:00,12,21,13,8,9,11,28,22
08/05/2020 20:00,13,12,14,11,11,16,-,31
08/05/2020 19:00,10,19,13,10,12,16,-,27
08/05/2020 18:00,16,18,11,12,14,21,19,21
08/05/2020 17:00,19,14,11,10,18,16,17,18
08/05/2020 16:00,21,12,11,9,15,5,19,14
08/05/2020 15:00,20,17,12,9,11,14,24,21
08/05/2020 14:00,17,13,17,2,11,18,24,13
08/05/2020 13:00,9,9,20,10,17,2,27,20
08/05/2020 12:00,12,23,15,11,20,21,24,17
08/05/2020 11:00,29,19,13,14,22,25,22,26
08/05/2020 10:00,35,21,18,15,23,25,22,27
08/05/2020 09:00,32,30,29,18,23,32,13,24
08/05/2020 08:00,26,29,17,31,20,27,12,14
08/05/2020 07:00,28,15,14,18,17,28,10,20
08/05/2020 06:00,18,11,14,12,13,19,9,20
08/05/2020 05:00,17,6,11,10,10,16,10,14
08/05/2020 04:00,17,9,13,10,10,14,10,10
08/05/2020 03:00,19,12,14,11,11,18,9,11
08/05/2020 02:00,20,13,12,13,14,20,10,10
08/05/2020 01:00,18,18,13,16,15,20,10,13
08/05/2020 00:00,16,20,14,20,17,22,15,11
07/05/2020 23:00,18,19,16,18,17,23,15,15
07/05/2020 22:00,20,15,22,21,24,35,23,26
07/05/2020 21:00,21,28,16,32,27,27,18,16
07/05/2020 20:00,18,17,14,29,20,24,17,31
07/05/2020 19:00,19,16,16,23,18,19,18,21
07/05/2020 18:00,19,13,15,15,12,19,15,19
07/05/2020 17:00,15,15,12,9,10,13,14,13
07/05/2020 16:00,12,9,11,7,9,15,12,12
07/05/2020 15:00,10,11,9,11,11,13,12,6
07/05/2020 14:00,11,14,9,7,12,13,11,9
07/05/2020 13:00,10,13,9,11,10,9,17,13
07/05/2020 12:00,9,13,9,5,11,12,12,9
07/05/2020 11:00,17,19,8,2,6,2,11,12
07/05/2020 10:00,17,11,7,9,16,2,14,11
07/05/2020 09:00,22,12,9,10,16,34,14,8
07/05/2020 08:00,17,10,13,31,16,33,11,10
07/05/2020 07:00,24,8,12,16,12,24,11,14
07/05/2020 06:00,14,8,9,12,9,14,9,16
07/05/2020 05:00,14,8,8,13,7,13,8,9
07/05/2020 04:00,13,8,7,12,8,15,8,10
07/05/2020 03:00,16,9,7,13,8,15,7,9
07/05/2020 02:00,17,9,9,14,9,15,8,9
07/05/2020 01:00,15,10,9,16,10,19,11,6
07/05/2020 00:00,19,15,10,18,12,21,7,9
06/05/2020 23:00,20,20,12,19,15,25,12,5
06/05/2020 22:00,22,22,11,19,18,26,15,4
06/05/2020 21:00,15,18,12,26,25,29,9,13
06/05/2020 20:00,12,14,9,19,25,16,10,14
06/05/2020 19:00,11,9,8,3,15,11,9,18
06/05/2020 18:00,12,12,8,9,12,2,9,13
06/05/2020 17:00,10,13,8,11,10,6,10,8
06/05/2020 16:00,11,15,8,9,10,9,11,9
06/05/2020 15:00,8,19,7,6,7,10,2,10
06/05/2020 14:00,9,10,7,8,10,10,11,12
06/05/2020 13:00,8,11,6,10,7,10,11,13
06/05/2020 12:00,10,20,7,8,8,11,2,8
06/05/2020 11:00,10,17,7,11,9,12,10,9
06/05/2020 10:00,6,11,7,4,5,15,13,5
06/05/2020 09:00,4,12,5,2,6,9,12,7
06/05/2020 08:00,6,15,5,7,10,8,10,5
06/05/2020 07:00,6,8,6,6,8,12,6,5
06/05/2020 06:00,8,7,6,4,10,3,7,13
06/05/2020 05:00,3,11,10,2,3,2,6,6
06/05/2020 04:00,2,10,12,4,5,2,4,3
06/05/2020 03:00,3,8,11,6,5,4,2,2
06/05/2020 02:00,9,8,12,8,8,14,9,2
06/05/2020 01:00,12,10,14,9,10,10,7,2
06/05/2020 00:00,11,10,13,10,10,14,8,6
05/05/2020 23:00,16,12,15,10,11,15,7,8
05/05/2020 22:00,22,19,15,4,11,14,4,10
05/05/2020 21:00,19,21,15,4,18,11,4,9
05/05/2020 20:00,29,15,17,18,20,2,5,12
05/05/2020 19:00,30,16,12,23,21,2,-,11
05/05/2020 18:00,21,15,9,42,28,18,-,12
05/05/2020 17:00,17,15,11,28,21,65,-,9
05/05/2020 16:00,13,13,10,8,15,23,-,6
05/05/2020 15:00,18,13,13,10,13,14,21,2
05/05/2020 14:00,31,13,12,10,13,16,25,3
05/05/2020 13:00,21,13,15,8,9,14,34,3
05/05/2020 12:00,21,12,8,6,9,30,24,5
05/05/2020 11:00,24,16,6,5,17,37,34,12
05/05/2020 10:00,23,15,9,17,21,36,35,18
05/05/2020 09:00,22,11,11,16,19,24,22,7
05/05/2020 08:00,20,9,12,16,16,44,19,18
05/05/2020 07:00,18,4,10,14,17,27,16,21
05/05/2020 06:00,17,7,9,11,12,14,15,15
05/05/2020 05:00,15,7,9,10,9,15,15,17
05/05/2020 04:00,7,7,9,8,10,14,14,13
05/05/2020 03:00,5,10,10,5,10,12,13,16
05/05/2020 02:00,7,9,11,9,11,20,19,9
05/05/2020 01:00,11,14,9,10,13,24,13,15
05/05/2020 00:00,12,13,9,12,16,19,10,13
04/05/2020 23:00,11,14,12,18,17,17,13,17
04/05/2020 22:00,12,9,9,18,17,19,16,23
04/05/2020 21:00,11,8,10,16,13,21,16,23
04/05/2020 20:00,13,8,8,29,19,12,15,20
04/05/2020 19:00,13,10,8,20,13,24,14,18
04/05/2020 18:00,16,8,8,10,10,26,16,13
04/05/2020 17:00,17,6,9,9,10,10,15,11
04/05/2020 16:00,8,5,8,6,7,12,14,6
04/05/2020 15:00,11,9,7,6,10,9,15,7
04/05/2020 14:00,8,7,8,6,8,12,14,10
04/05/2020 13:00,12,7,6,11,10,9,12,6
04/05/2020 12:00,13,10,6,5,8,13,14,7
04/05/2020 11:00,16,10,4,2,5,17,12,2
04/05/2020 10:00,21,13,5,12,12,13,16,2
04/05/2020 09:00,20,13,7,3,14,20,14,18
04/05/2020 08:00,21,11,8,28,15,20,14,16
04/05/2020 07:00,16,8,7,16,12,21,10,16
04/05/2020 06:00,11,5,7,12,9,15,8,13
04/05/2020 05:00,11,3,6,8,6,7,8,12
04/05/2020 04:00,11,5,6,8,6,10,10,11
04/05/2020 03:00,11,7,5,10,6,10,8,10
04/05/2020 02:00,12,7,6,9,7,13,9,8
04/05/2020 01:00,13,8,6,9,8,10,10,9
04/05/2020 00:00,19,8,6,12,9,15,11,10
03/05/2020 23:00,17,10,5,11,13,19,12,8
03/05/2020 22:00,16,10,6,17,20,21,16,7
03/05/2020 21:00,10,13,5,23,29,25,11,9
03/05/2020 20:00,9,16,4,26,18,11,7,9
03/05/2020 19:00,9,10,3,2,3,5,8,12
03/05/2020 18:00,7,6,3,8,6,3,10,6
03/05/2020 17:00,7,6,4,4,6,2,11,7
03/05/2020 16:00,6,6,3,8,9,5,7,5
03/05/2020 15:00,7,6,3,2,5,2,9,4
03/05/2020 14:00,6,7,3,9,6,2,9,6
03/05/2020 13:00,2,8,3,2,4,10,11,2
03/05/2020 12:00,2,7,3,5,2,2,14,2
03/05/2020 11:00,4,7,4,2,2,2,14,2
03/05/2020 10:00,4,8,3,4,10,14,10,2
03/05/2020 09:00,2,8,3,13,15,19,8,6
03/05/2020 08:00,12,8,3,9,8,11,7,2
03/05/2020 07:00,6,3,3,5,7,16,6,17
03/05/2020 06:00,7,2,2,2,4,6,5,14
03/05/2020 05:00,6,2,4,2,4,2,4,2
03/05/2020 04:00,8,3,4,2,4,2,5,2
03/05/2020 03:00,2,5,3,2,6,2,3,6
03/05/2020 02:00,12,9,5,2,2,2,2,4
03/05/2020 01:00,9,14,7,10,13,6,7,2
03/05/2020 00:00,11,14,6,10,10,18,17,5
02/05/2020 23:00,18,11,7,14,11,22,13,14
02/05/2020 22:00,13,14,7,7,11,12,13,15
02/05/2020 21:00,9,10,6,5,11,14,13,23
02/05/2020 20:00,8,9,5,11,10,9,10,11
02/05/2020 19:00,2,8,3,14,10,3,8,6
02/05/2020 18:00,4,5,4,22,8,17,14,10
02/05/2020 17:00,10,7,4,2,12,2,10,6
02/05/2020 16:00,13,7,7,2,5,43,7,8
02/05/2020 15:00,11,11,9,6,6,5,7,22
02/05/2020 14:00,2,5,5,12,7,34,7,8
02/05/2020 13:00,2,12,4,32,25,2,8,7
02/05/2020 12:00,3,14,5,2,10,2,7,2
02/05/2020 11:00,13,13,7,2,6,2,7,2
02/05/2020 10:00,12,15,8,2,14,5,6,8
02/05/2020 09:00,9,15,7,2,13,4,8,7
02/05/2020 08:00,15,13,11,23,16,19,10,8
02/05/2020 07:00,17,12,8,10,14,16,10,4
02/05/2020 06:00,7,11,8,5,10,12,10,13
02/05/2020 05:00,7,11,8,5,9,10,10,8
02/05/2020 04:00,10,12,8,7,11,13,11,6
02/05/2020 03:00,7,11,9,4,12,17,9,8
02/05/2020 02:00,5,10,8,6,9,10,11,11
02/05/2020 01:00,7,9,9,5,11,6,11,14
02/05/2020 00:00,8,11,8,6,11,14,10,10
01/05/2020 23:00,10,27,10,3,8,8,11,9
01/05/2020 22:00,18,13,9,7,9,8,10,9
01/05/2020 21:00,13,11,8,6,8,13,12,13
01/05/2020 20:00,5,12,8,11,9,10,9,13
01/05/2020 19:00,10,5,6,9,12,17,9,14
01/05/2020 18:00,5,10,4,18,8,18,9,9
01/05/2020 17:00,2,9,2,16,17,9,5,6
01/05/2020 16:00,21,10,5,2,3,9,11,2
01/05/2020 15:00,3,7,6,8,8,2,17,2
01/05/2020 14:00,2,6,2,2,5,2,8,2
01/05/2020 13:00,2,11,2,2,2,2,7,2
01/05/2020 12:00,3,11,2,2,6,2,6,2
01/05/2020 11:00,3,13,3,2,6,2,7,2
01/05/2020 10:00,2,10,5,6,7,9,9,2
01/05/2020 09:00,5,14,5,6,10,5,8,4
01/05/2020 08:00,6,16,4,2,12,7,7,8
01/05/2020 07:00,3,16,3,5,7,2,9,2
01/05/2020 06:00,2,14,7,7,12,24,13,13
01/05/2020 05:00,12,12,6,7,9,11,12,13
01/05/2020 04:00,13,7,6,12,14,17,11,13
01/05/2020 03:00,8,8,6,14,16,13,14,18
01/05/2020 02:00,6,8,6,19,14,15,16,14
01/05/2020 01:00,11,8,10,27,17,17,18,5
01/05/2020 00:00,15,14,5,19,14,17,12,2
30/04/2020 23:00,10,6,10,17,19,2,10,8
30/04/2020 22:00,12,15,8,8,12,4,18,10
30/04/2020 21:00,12,15,6,11,11,10,19,13
30/04/2020 20:00,17,7,6,9,14,14,18,17
30/04/2020 19:00,9,10,4,8,9,12,20,14
30/04/2020 18:00,12,11,4,10,13,13,20,13
30/04/2020 17:00,4,6,4,4,10,2,26,7
30/04/2020 16:00,5,8,3,2,6,9,36,8
30/04/2020 15:00,8,7,2,5,7,5,-,6
30/04/2020 14:00,2,7,2,2,7,5,-,7
30/04/2020 13:00,5,11,2,2,11,14,-,10
30/04/2020 12:00,10,9,3,23,20,2,-,2
30/04/2020 11:00,14,8,3,2,15,8,-,2
30/04/2020 10:00,19,8,3,10,17,13,-,11
30/04/2020 09:00,14,9,5,13,18,7,-,5
30/04/2020 08:00,8,5,6,6,12,12,-,8
30/04/2020 07:00,12,6,10,8,11,3,-,5
30/04/2020 06:00,7,4,7,4,13,5,-,6
30/04/2020 05:00,5,6,7,2,6,4,-,5
30/04/2020 04:00,8,6,4,4,6,5,-,3
30/04/2020 03:00,5,3,8,5,6,2,-,3
30/04/2020 02:00,10,5,8,6,10,5,-,2
30/04/2020 01:00,8,4,7,7,10,2,-,2
30/04/2020 00:00,11,5,6,6,10,2,-,4
29/04/2020 23:00,10,11,7,6,10,2,-,4
29/04/2020 22:00,5,22,6,2,11,2,-,4
29/04/2020 21:00,2,17,5,2,10,2,-,5
29/04/2020 20:00,2,7,4,2,9,3,-,15
29/04/2020 19:00,5,6,3,13,13,5,-,15
29/04/2020 18:00,5,8,3,8,6,11,-,8
29/04/2020 17:00,8,4,2,14,10,41,-,4
29/04/2020 16:00,7,5,3,8,15,9,-,12
29/04/2020 15:00,3,3,6,2,7,21,-,8
29/04/2020 14:00,3,5,5,14,8,23,-,13
29/04/2020 13:00,2,2,4,6,9,13,-,19
29/04/2020 12:00,7,2,6,6,12,20,-,20
29/04/2020 11:00,10,7,9,8,10,18,-,16
29/04/2020 10:00,8,2,15,5,13,23,18,7
29/04/2020 09:00,7,9,10,7,14,29,3,11
29/04/2020 08:00,13,7,11,9,14,21,17,11
29/04/2020 07:00,10,5,8,8,13,17,14,14
29/04/2020 06:00,6,10,7,7,10,11,11,13
29/04/2020 05:00,8,12,7,6,7,5,15,8
29/04/2020 04:00,6,14,6,6,7,5,4,6
29/04/2020 03:00,5,14,6,7,8,7,11,8
29/04/2020 02:00,3,16,8,4,9,6,8,7
29/04/2020 01:00,7,12,10,9,11,6,4,8
29/04/2020 00:00,12,9,11,9,13,11,11,7
28/04/2020 23:00,12,4,13,3,7,2,9,9
28/04/2020 22:00,8,6,12,8,11,11,22,10
28/04/2020 21:00,9,8,13,13,14,15,14,12
28/04/2020 20:00,9,13,11,7,13,9,24,15
28/04/2020 19:00,10,8,10,13,17,21,2,18
28/04/2020 18:00,7,19,9,10,14,24,25,16
28/04/2020 17:00,13,3,10,14,16,21,25,22
28/04/2020 16:00,13,17,11,19,18,30,32,21
28/04/2020 15:00,24,2,18,18,22,26,33,26
28/04/2020 14:00,17,6,21,18,20,24,36,27
28/04/2020 13:00,23,11,21,24,26,28,23,2
28/04/2020 12:00,25,20,17,16,26,27,16,14
28/04/2020 11:00,22,24,16,14,30,26,29,29
28/04/2020 10:00,23,17,19,18,21,20,30,12
28/04/2020 09:00,25,45,16,13,18,25,27,16
28/04/2020 08:00,23,19,17,13,24,22,22,27
28/04/2020 07:00,24,8,16,14,21,22,16,12
28/04/2020 06:00,20,2,17,12,19,16,18,8
28/04/2020 05:00,18,6,15,12,16,17,13,4
28/04/2020 04:00,17,6,15,14,15,20,12,6
28/04/2020 03:00,15,2,17,12,15,13,10,7
28/04/2020 02:00,15,11,16,11,13,15,8,7
28/04/2020 01:00,16,17,17,19,17,17,10,14
28/04/2020 00:00,17,22,18,24,20,30,10,8
27/04/2020 23:00,20,8,17,23,22,28,23,11
27/04/2020 22:00,23,15,19,25,24,16,16,11
27/04/2020 21:00,22,17,20,22,20,19,14,12
27/04/2020 20:00,21,18,18,16,18,22,11,16
27/04/2020 19:00,20,15,19,19,16,24,35,21
27/04/2020 18:00,19,21,19,20,23,7,39,52
27/04/2020 17:00,23,17,20,4,17,13,25,21
27/04/2020 16:00,19,28,17,12,17,14,21,19
27/04/2020 15:00,19,53,16,14,18,22,18,19
27/04/2020 14:00,18,25,18,19,23,24,21,18
27/04/2020 13:00,16,21,18,15,21,17,20,18
27/04/2020 12:00,16,8,14,16,19,16,28,23
27/04/2020 11:00,15,19,14,10,21,27,26,27
27/04/2020 10:00,18,11,14,16,23,31,20,22
27/04/2020 09:00,15,22,16,17,18,21,21,25
27/04/2020 08:00,23,23,15,15,17,19,16,23
27/04/2020 07:00,14,16,17,16,15,19,17,20
27/04/2020 06:00,11,15,16,15,13,20,14,18
27/04/2020 05:00,11,11,14,15,13,15,15,17
27/04/2020 04:00,11,17,14,15,13,17,17,16
27/04/2020 03:00,11,11,14,12,13,19,19,15
27/04/2020 02:00,13,17,15,16,14,16,18,16
27/04/2020 01:00,12,11,16,17,18,19,18,14
27/04/2020 00:00,11,16,23,17,17,19,27,19
26/04/2020 23:00,15,17,20,18,18,20,26,19
26/04/2020 22:00,14,20,20,20,19,28,28,26
26/04/2020 21:00,14,2,19,23,21,30,22,34
26/04/2020 20:00,16,2,21,25,20,22,20,36
26/04/2020 19:00,12,14,16,18,16,19,19,23
26/04/2020 18:00,24,20,14,17,17,20,20,18
26/04/2020 17:00,15,6,14,15,17,18,21,16
26/04/2020 16:00,15,2,15,15,18,19,27,17
26/04/2020 15:00,19,38,14,16,18,17,19,18
26/04/2020 14:00,18,2,14,16,18,17,19,16
26/04/2020 13:00,19,22,13,17,17,19,21,16
26/04/2020 12:00,19,17,14,17,18,20,18,13
26/04/2020 11:00,18,8,15,12,16,15,14,13
26/04/2020 10:00,16,16,15,10,14,15,15,12
26/04/2020 09:00,16,12,20,10,14,21,15,19
26/04/2020 08:00,17,18,23,15,14,9,20,12
26/04/2020 07:00,15,11,24,13,13,19,14,13
26/04/2020 06:00,14,21,26,16,14,15,14,11
26/04/2020 05:00,16,36,27,13,11,19,9,7
26/04/2020 04:00,17,37,28,15,14,16,13,12
26/04/2020 03:00,16,8,31,14,15,21,19,20
26/04/2020 02:00,19,11,34,17,18,15,17,16
26/04/2020 01:00,15,6,29,10,17,14,19,16
26/04/2020 00:00,24,21,31,8,18,16,20,17
25/04/2020 23:00,27,31,35,11,17,11,20,16
25/04/2020 22:00,29,25,41,33,30,24,23,19
25/04/2020 21:00,31,24,34,28,27,30,24,23
25/04/2020 20:00,29,30,32,20,23,39,35,25
25/04/2020 19:00,26,53,32,25,30,30,26,24
25/04/2020 18:00,29,44,31,28,34,33,33,35
25/04/2020 17:00,33,28,26,24,26,32,23,54
25/04/2020 16:00,36,11,21,19,24,27,19,29
25/04/2020 15:00,34,13,25,19,26,23,23,28
25/04/2020 14:00,25,46,26,25,31,18,20,21
25/04/2020 13:00,28,49,26,24,30,35,18,19
25/04/2020 12:00,30,13,25,28,29,28,9,25
25/04/2020 11:00,28,57,25,25,26,26,37,13
25/04/2020 10:00,40,43,23,22,23,24,44,32
